Shehan,Perera,0724564778,2023-09-05,DR.SARATH FONSEKA,DURDANS
HOSPITAL,2023-09-05,2024-09-24,42.5,+3.0,,45,,,+2.4,+2.6,BO,2BO,13mm,17mm,
Shehan,Perera,0724564778,2023-09-05,DR.SARATH FONSEKA,DURDANS
HOSPITAL,2023-09-05,2024-09-24,42.5,+3.0,,45,,,+2.4,+2.6,BO,2BO,13mm,17mm,
Shehan,Perera,0724564778,2023-09-05,DR.SARATH FONSEKA,DURDANS
HOSPITAL,2023-09-05,2024-09-24,42.5,+3.0,,45,,,+2.4,+2.6,BO,2BO,13mm,17mm,
Shehan,Perera,0724564778,2023-09-05,DR.SARATH FONSEKA,DURDANS
HOSPITAL,2023-09-05,2024-09-24,42.5,+3.0,,45,,,+2.4,+2.6,BO,2BO,13mm,17mm,
Shehan,Perera,0724564778,2023-09-05,DR.SARATH FONSEKA,DURDANS
HOSPITAL,2023-09-05,2024-09-24,42.5,+3.0,,45,,,+2.4,+2.6,BO,2BO,13mm,17mm,
Shehan,Perera,0724564778,2023-09-05,DR.SARATH FONSEKA,DURDANS
HOSPITAL,2023-09-05,2024-09-24,42.5,+3.0,,45,,,+2.4,+2.6,BO,2BO,13mm,17mm,
Shehan,Perera,0724564778,2023-09-05,DR.SARATH FONSEKA,DURDANS
HOSPITAL,2023-09-05,2024-09-24,42.5,+3.0,,45,,,+2.4,+2.6,BO,2BO,13mm,17mm,
Shehan,Perera,0724564778,2023-09-05,DR.SARATH FONSEKA,DURDANS
HOSPITAL,2023-09-05,2024-09-24,42.5,+3.0,,45,,,+2.4,+2.6,BO,2BO,13mm,17mm,
Shehan,Perera,0724564778,2023-09-05,DR.SARATH FONSEKA,DURDANS
HOSPITAL,2023-09-05,2024-09-24,42.5,+3.0,,45,,,+2.4,+2.6,BO,2BO,13mm,17mm,
